The Hobbit,olkien,1348,22,99.989998,
The Hobbit,olkien,1348,21,99.989998